stop_I,lat,lon,name,city_center
1,48.129077,-1.63253,Longs Champs,0
2,48.128283,-1.637782,Bouzat,0
3,48.127369,-1.640433,Gallet,0
4,48.125244,-1.642676,Donzelot,0
5,48.123363,-1.646317,Mirabeau,0
6,48.12229,-1.650742,Turmel,1
7,48.121446,-1.655036,Assomption,1
8,48.123212,-1.660216,Painlevé,1
9,48.121635,-1.663186,Metz Volney,1
10,48.119241,-1.667693,Guéhenno,1
11,48.118312,-1.671315,Fac de Droit,1
12,48.11605,-1.674245,Sévigné,1
13,48.113739,-1.679038,Sainte-Anne,1
14,48.11252,-1.680352,Champ Jacquet,1
15,48.110073,-1.680101,République,1
16,48.108415,-1.680213,Les Halles,1
17,48.106204,-1.680999,Plélo Colombier,1
18,48.105084,-1.684731,Cité Judiciaire,1
19,48.097442,-1.689566,Mermoz,0
20,48.105444,-1.684005,Cité Judiciaire,1
21,48.106222,-1.680736,Plélo Colombier,1
22,48.108066,-1.680048,Les Halles,1
23,48.109977,-1.680268,République,1
24,48.112738,-1.680211,Champ Jacquet,1
25,48.11482,-1.679242,Sainte-Anne,1
26,48.117163,-1.677351,Hôtel Dieu,1
27,48.117513,-1.673538,Sévigné,1
28,48.118281,-1.669591,Fac de Droit,1
29,48.119572,-1.666629,Guéhenno,1
30,48.121987,-1.662185,Metz Volney,1
31,48.123242,-1.659266,Painlevé,1
32,48.12128,-1.655029,Assomption,1
33,48.122185,-1.650619,Turmel,1
34,48.123677,-1.645158,Mirabeau,0
35,48.125556,-1.64198,Donzelot,0
36,48.127801,-1.639871,Gallet,0
37,48.128209,-1.637118,Bouzat,0
38,48.128998,-1.63238,Longs Champs,0
39,48.130069,-1.684377,Donelière,1
40,48.128749,-1.6836,Trois Croix,1
41,48.124255,-1.681766,Cimetière Nord,1
42,48.123614,-1.684238,Saint-Martin,1
43,48.122179,-1.685924,ESPE de Bretagne,1
44,48.11824,-1.689403,Anatole France,1
45,48.11612,-1.691288,La Touche,1
46,48.113357,-1.693476,Brest Verdun,1
47,48.111632,-1.689371,Horizons,1
48,48.111647,-1.686999,Les Lices,1
49,48.109888,-1.68328,Place de Bretagne,1
50,48.109934,-1.678869,République,1
51,48.107564,-1.675176,Liberté TNB,1
52,48.106057,-1.67401,Champs Libres,1
53,48.103956,-1.673185,Gares,1
54,48.104678,-1.667722,Laënnec,1
55,48.099452,-1.657522,Piré,0
56,48.097255,-1.654254,Bourgeois,0
57,48.09511,-1.650566,Calmette,0
58,48.09273,-1.64749,Monsieur Vincent,0
59,48.090281,-1.645018,Lycée Descartes,0
61,48.087788,-1.638596,Monnet,0
62,48.089455,-1.635281,Bourgueil,0
63,48.092067,-1.636471,Gohier,0
64,48.092756,-1.63962,Ronceray,0
65,48.094492,-1.637889,CARSAT,0
66,48.096225,-1.636899,Haut Sancé,0
67,48.094922,-1.638,CARSAT,0
68,48.092528,-1.639658,Ronceray,0
69,48.091827,-1.636274,Gohier,0
70,48.089486,-1.635568,Bourgueil,0
71,48.087986,-1.638421,Monnet,0
72,48.087413,-1.643436,La Poterie,0
73,48.089972,-1.64466,Lycée Descartes,0
74,48.092772,-1.647205,Monsieur Vincent,0
75,48.095953,-1.651543,Calmette,0
76,48.09806,-1.655275,Bourgeois,0
77,48.099871,-1.657775,Piré,0
78,48.10471,-1.666557,Laënnec,1
79,48.105276,-1.673939,Champs Libres,1
80,48.107377,-1.674981,Liberté TNB,1
81,48.109526,-1.677947,République,1
82,48.109734,-1.68385,Place de Bretagne,1
83,48.111759,-1.686216,Les Lices,1
84,48.111757,-1.689653,Horizons,1
85,48.113208,-1.69329,Brest Verdun,1
86,48.116505,-1.690744,La Touche,1
87,48.118193,-1.689248,Anatole France,1
88,48.121017,-1.686759,ESPE de Bretagne,1
89,48.123587,-1.683606,Saint-Martin,1
90,48.12503,-1.681973,Cimetière Nord,1
91,48.127266,-1.68326,Trois Croix,1
92,48.131357,-1.684599,Donelière,1
93,48.138802,-1.659072,Saint-Laurent,0
94,48.134745,-1.658572,Hôtel de Région,0
95,48.1355,-1.655711,Héronière,0
96,48.134264,-1.652215,Gayeulles Piscine,0
97,48.13087,-1.652121,Le Blizz,0
98,48.128344,-1.652232,Gayeulles,1
99,48.120189,-1.65077,Docteur Quentin,1
100,48.11893,-1.651063,Vitré Danton,1
101,48.116369,-1.655681,Jeanne d'Arc,1
102,48.114521,-1.658017,Durafour,1
103,48.113459,-1.661409,Oberthur,1
104,48.112746,-1.664452,Saint-Vincent,1
105,48.112528,-1.666797,Châteaudun,1
106,48.111816,-1.671244,Thabor,1
107,48.10997,-1.67795,République,1
108,48.106067,-1.677817,Charles de Gaulle,1
109,48.103006,-1.676882,Gare Sud Féval,1
110,48.099181,-1.675756,Ginguené,1
111,48.097396,-1.675489,Jacques Cartier,1
112,48.096926,-1.679166,Sacrés Coeurs,1
113,48.096023,-1.681712,Garigliano,0
114,48.093042,-1.681932,Frères Moine,0
115,48.09107,-1.682187,Champs Manceaux,0
116,48.087271,-1.682479,Suède,0
117,48.085168,-1.682537,Canada,0
118,48.085207,-1.682259,Canada,0
119,48.088085,-1.68215,Suède,0
120,48.091086,-1.682019,Champs Manceaux,0
121,48.093597,-1.681809,Frères Moine,0
122,48.096363,-1.681543,Garigliano,0
123,48.096914,-1.678484,Sacrés Coeurs,1
124,48.097421,-1.674416,Jacques Cartier,1
125,48.100009,-1.675803,Ginguené,1
126,48.106081,-1.677558,Charles de Gaulle,1
127,48.110073,-1.677735,République,1
128,48.111897,-1.671083,Thabor,1
129,48.112666,-1.664346,Saint-Vincent,1
130,48.113405,-1.661265,Oberthur,1
131,48.114248,-1.658666,Durafour,1
132,48.116588,-1.65539,Jeanne d'Arc,1
133,48.118733,-1.651589,Vitré Danton,1
134,48.120615,-1.650675,Docteur Quentin,1
135,48.129145,-1.652001,Gayeulles,0
136,48.131782,-1.651905,Le Blizz,0
137,48.134935,-1.651955,Gayeulles Piscine,0
138,48.135605,-1.656126,Héronière,0
139,48.134358,-1.658784,Hôtel de Région,0
140,48.114099,-1.637565,Tournebride,0
141,48.112232,-1.644227,Plaine de Baud,0
142,48.110164,-1.660479,Robidou,1
143,48.110145,-1.663921,Pont de Châteaudun,1
144,48.110111,-1.67021,Paul Bert,1
145,48.109914,-1.675145,Musée Beaux Arts,1
146,48.109405,-1.678734,République,1
147,48.109761,-1.678807,République,1
148,48.109809,-1.674483,Musée Beaux Arts,1
149,48.109996,-1.669018,Paul Bert,1
150,48.110016,-1.663623,Pont de Châteaudun,1
151,48.11003,-1.659227,Robidou,1
152,48.110055,-1.656165,Pont de Strasbourg,1
153,48.112437,-1.64292,Plaine de Baud,0
154,48.117101,-1.633896,Beaulieu Chimie,0
155,48.119028,-1.63521,Beaulieu INSA,0
156,48.122317,-1.639592,Beaulieu Restau U,0
157,48.120832,-1.643865,Beaulieu Cité U,0
158,48.117043,-1.655802,Jeanne d'Arc,1
159,48.116193,-1.659373,Balzac,1
160,48.116147,-1.662569,Musset Cité U,1
161,48.116298,-1.664773,George Sand,1
162,48.117342,-1.678809,Hôtel Dieu,1
163,48.117227,-1.681484,Dinan,1
164,48.117788,-1.684992,Legraverend,1
165,48.118577,-1.688167,Anatole France,1
166,48.114035,-1.698235,Maison Diocésaine,1
167,48.114898,-1.701959,La Salle,1
168,48.116068,-1.705584,Languedoc,1
169,48.11739,-1.70835,Villejean-Churchill,1
170,48.115474,-1.704489,Languedoc,1
171,48.114999,-1.701423,La Salle,1
172,48.113738,-1.69804,Maison Diocésaine,1
173,48.118173,-1.687217,Anatole France,1
174,48.117663,-1.684863,Legraverend,1
175,48.117181,-1.682302,Dinan,1
176,48.116347,-1.673257,Sévigné,1
177,48.116266,-1.668859,George Sand,1
178,48.116247,-1.662785,Musset Cité U,1
179,48.116798,-1.656369,Jeanne d'Arc,1
180,48.119102,-1.649111,Vitré Foulon,1
181,48.120592,-1.644215,Beaulieu Cité U,0
182,48.122308,-1.639183,Beaulieu Restau U,0
183,48.119511,-1.635317,Beaulieu INSA,0
184,48.097147,-1.629252,Veyettes,0
185,48.104165,-1.637787,Saint-Saëns,0
186,48.105033,-1.64458,Pavie,0
187,48.10431,-1.64971,Cimetière de l'Est,0
188,48.103116,-1.652491,Serpette,0
189,48.101949,-1.656538,Mouézy,0
190,48.102902,-1.661403,Croix Saint-Hélier,1
191,48.109932,-1.679644,République,1
192,48.109176,-1.690514,Le Mail,1
193,48.108292,-1.694376,Chèques Postaux,1
194,48.109099,-1.697997,Guilloux Lorient,1
195,48.108274,-1.703743,Papeteries,1
196,48.109162,-1.706366,Kerviler,0
197,48.108871,-1.710766,Géniaux,0
198,48.108107,-1.714065,Stade Rennais,0
199,48.106212,-1.723891,Le Hô,0
200,48.102975,-1.7234,Robinot de St-Cyr,0
201,48.10213,-1.727062,Jardin Moderne,0
202,48.101258,-1.731769,Servigné,0
203,48.101154,-1.731617,Servigné,0
204,48.102175,-1.726098,Jardin Moderne,0
205,48.103369,-1.723283,Robinot de St-Cyr,0
206,48.106259,-1.723704,Le Hô,0
207,48.107021,-1.72162,Lemaistre,0
208,48.107689,-1.714796,Stade Rennais,0
209,48.108898,-1.709658,Géniaux,0
210,48.10876,-1.705656,Kerviler,1
211,48.107689,-1.702121,Papeteries,1
212,48.108687,-1.698735,Guilloux Lorient,1
213,48.108237,-1.694247,Chèques Postaux,1
214,48.109271,-1.689587,Le Mail,1
215,48.109758,-1.679532,République,1
216,48.102515,-1.661094,Croix Saint-Hélier,1
217,48.102217,-1.655063,Mouézy,0
218,48.103213,-1.652536,Serpette,0
219,48.104353,-1.64928,Cimetière de l'Est,0
220,48.104868,-1.643656,Pavie,0
221,48.103911,-1.635839,Pré Garel,0
222,48.097042,-1.629126,Veyettes,0
223,48.138782,-1.66602,Patton,0
224,48.136711,-1.667527,Monts d'Arrée,1
225,48.136796,-1.671078,Neruda,1
226,48.134477,-1.673097,Condate,1
227,48.132591,-1.671614,Bellangerais,1
228,48.13267,-1.667599,Morbihan,1
229,48.130788,-1.663953,Houx Cité U,1
230,48.129452,-1.663592,Rochester,1
231,48.126715,-1.665432,Gros Chêne,1
232,48.125322,-1.666645,Volney,1
233,48.121471,-1.67097,Jules Ferry,1
234,48.119629,-1.674316,Rectorat,1
235,48.10206,-1.684417,Pont de Nantes,1
236,48.099809,-1.687123,Foyer Rennais,1
237,48.09714,-1.689057,Mermoz,0
238,48.085707,-1.693903,Félix Eboué,0
239,48.083743,-1.693637,Boberil,0
240,48.084081,-1.692043,Lycée Bréquigny,0
241,48.085811,-1.694039,Félix Eboué,0
242,48.092735,-1.6912,Saint-Yves,0
243,48.095038,-1.689979,Pilate,0
244,48.097422,-1.688573,Mermoz,0
245,48.099714,-1.68619,Foyer Rennais,1
246,48.102127,-1.684092,Pont de Nantes,1
247,48.117082,-1.677806,Hôtel Dieu,1
248,48.119451,-1.674371,Rectorat,1
249,48.121404,-1.670825,Jules Ferry,1
250,48.125362,-1.66626,Volney,1
251,48.126594,-1.665268,Gros Chêne,1
252,48.128831,-1.663763,Rochester,1
253,48.131091,-1.664397,Houx Cité U,1
254,48.132827,-1.667609,Morbihan,1
255,48.132719,-1.672293,Bellangerais,1
256,48.135006,-1.672781,Condate,1
257,48.136641,-1.670632,Neruda,1
258,48.136539,-1.667527,Monts d'Arrée,1
259,48.125147,-1.633208,IUT,0
260,48.121437,-1.638194,Beaulieu Restau U,0
261,48.110001,-1.698679,Guilloux,1
262,48.111305,-1.701301,Marbeuf,1
263,48.116762,-1.704608,Berger,1
264,48.119313,-1.704499,Université,1
265,48.121918,-1.703705,Villejean-Université,1
266,48.125698,-1.703017,Bois Labbé,1
267,48.127905,-1.702753,Olympe de Gouges,1
268,48.128595,-1.698884,Cucillé,1
269,48.128165,-1.69398,Préfecture - ESC,1
270,48.131493,-1.691785,Léonard,1
271,48.128353,-1.694114,Préfecture - ESC,1
272,48.128501,-1.698712,Cucillé,1
273,48.127565,-1.703293,Olympe de Gouges,1
274,48.12525,-1.703189,Bois Labbé,1
275,48.121755,-1.703954,Villejean-Université,1
276,48.118926,-1.704736,Université,1
277,48.116745,-1.704803,Berger,1
278,48.111292,-1.700837,Marbeuf,1
279,48.10957,-1.698313,Guilloux,1
280,48.116581,-1.633944,Beaulieu Chimie,0
281,48.121826,-1.638248,Beaulieu Restau U,0
282,48.125106,-1.632973,IUT,0
283,48.109698,-1.678048,République,1
284,48.101171,-1.652938,Raison,0
285,48.100101,-1.649415,Villebois-Mareuil,0
286,48.09913,-1.646084,Landry,0
287,48.097002,-1.641653,Domaine,0
288,48.094927,-1.637296,CARSAT,0
289,48.093777,-1.633778,Sauvaie,0
290,48.094297,-1.634589,Sauvaie,0
291,48.095474,-1.638069,CARSAT,0
292,48.09768,-1.642447,Domaine,0
293,48.099472,-1.646682,Landry,0
294,48.101207,-1.649587,Villebois-Mareuil,0
295,48.101402,-1.65357,Raison,0
296,48.133338,-1.685372,Lycée Mendès France,1
297,48.12158,-1.683279,Lenoir,1
298,48.120357,-1.681603,Auberge de Jeunesse,1
299,48.118043,-1.680797,Square de la Rance,1
300,48.097824,-1.675165,Jacques Cartier,1
301,48.097716,-1.6713,Châtillon,1
302,48.097705,-1.6684,Ormeaux,1
303,48.097982,-1.666405,Bigot de Préameneu,0
304,48.097532,-1.66289,Sainte-Thérèse,0
305,48.09502,-1.661622,Leray,0
306,48.094676,-1.658629,Langevin,0
307,48.091996,-1.658498,Gide,0
308,48.091222,-1.654578,Landrel,0
309,48.091175,-1.651756,Pologne,0
310,48.087643,-1.645966,La Poterie,0
311,48.0877,-1.650088,Galicie,0
312,48.084724,-1.655211,Hôpital Sud,0
313,48.084769,-1.657925,Torigné,0
314,48.084535,-1.657962,Torigné,0
315,48.087458,-1.649853,Galicie,0
316,48.091419,-1.651912,Pologne,0
317,48.091479,-1.655599,Landrel,0
318,48.092518,-1.658308,Gide,0
319,48.094222,-1.658163,Langevin,0
320,48.095014,-1.661464,Leray,0
321,48.097427,-1.662555,Sainte-Thérèse,0
322,48.098048,-1.667094,Bigot de Préameneu,1
323,48.097759,-1.669245,Ormeaux,1
324,48.097797,-1.67092,Châtillon,1
325,48.111022,-1.679517,Rennes Mairie,1
326,48.118322,-1.680513,Square de la Rance,1
327,48.120269,-1.68102,Auberge de Jeunesse,1
328,48.121947,-1.683469,Lenoir,1
329,48.133171,-1.68511,Lycée Mendès France,1
330,48.138364,-1.659181,Saint-Laurent,0
331,48.135248,-1.65936,Hôtel de Région,0
332,48.133162,-1.65696,Longs Prés,0
333,48.130103,-1.656774,Gast,1
334,48.128579,-1.657192,Europe,1
335,48.126826,-1.65857,Trégain,1
336,48.12477,-1.661615,Saint-Exupéry,1
337,48.105128,-1.696468,Malakoff,1
338,48.105074,-1.698818,Voltaire,1
339,48.103589,-1.700048,Dargent,1
340,48.102651,-1.703856,Champion de Cicé,0
341,48.100655,-1.707006,De Lesseps,0
342,48.098922,-1.705488,Guérinais,0
343,48.098044,-1.708181,Récipon,0
344,48.099353,-1.711217,Montand,0
345,48.101249,-1.71181,Clinique La Sagesse,0
346,48.104175,-1.713394,Cleunay,0
347,48.101056,-1.711799,Clinique La Sagesse,0
348,48.099871,-1.711154,Montand,0
349,48.097814,-1.707641,Récipon,0
350,48.099043,-1.705513,Guérinais,0
351,48.101013,-1.706956,De Lesseps,0
352,48.102182,-1.705063,Champion de Cicé,0
353,48.103598,-1.700369,Dargent,1
354,48.105225,-1.698672,Voltaire,1
355,48.105015,-1.69546,Malakoff,1
356,48.105574,-1.687728,Redon,1
357,48.105647,-1.685188,Cité Judiciaire,1
358,48.125211,-1.66096,Saint-Exupéry,1
359,48.126712,-1.658487,Trégain,1
360,48.128416,-1.657061,Europe,1
361,48.130876,-1.656445,Gast,1
362,48.133129,-1.656626,Longs Prés,0
363,48.126831,-1.653313,Joliot-Curie,1
364,48.136512,-1.662483,Hélias,0
365,48.132111,-1.67291,Bellangerais,1
366,48.1214,-1.707774,Cours Kennedy,1
367,48.118607,-1.707954,Villejean-Churchill,1
368,48.116416,-1.712265,Merlin,0
369,48.113484,-1.714299,Atalante Champeaux,0
370,48.111171,-1.712864,Les Arts,0
371,48.109813,-1.710311,Géniaux,0
372,48.111433,-1.713382,Les Arts,0
373,48.113632,-1.712585,Atalante Champeaux,0
374,48.114636,-1.715503,Chambre Agriculture,0
375,48.116261,-1.711309,Merlin,0
376,48.118508,-1.70816,Villejean-Churchill,1
377,48.121238,-1.70795,Cours Kennedy,1
378,48.128,-1.682448,Trois Croix,1
379,48.132124,-1.672635,Bellangerais,1
380,48.136404,-1.663348,Hélias,0
381,48.134522,-1.658625,Hôtel de Région,0
382,48.127628,-1.650898,Joliot-Curie,0
383,48.123645,-1.659306,Painlevé,1
384,48.118769,-1.649907,Vitré Foulon,1
385,48.113595,-1.65655,Durafour Strasbourg,1
386,48.109541,-1.655406,Pont de Strasbourg,1
387,48.105688,-1.650713,Chardonnet,0
388,48.103612,-1.649802,Cimetière de l'Est,0
389,48.100804,-1.649824,Villebois-Mareuil,0
390,48.099251,-1.652881,Le Dantec,0
391,48.098234,-1.655137,Bourgeois,0
392,48.087647,-1.653923,Le Blosne,0
393,48.08608,-1.660855,Triangle,0
394,48.091639,-1.66733,Binquenais,0
395,48.091624,-1.662448,Binquenais Collège,0
396,48.093622,-1.66964,Combes,0
397,48.093147,-1.674668,Clemenceau,0
398,48.089583,-1.674997,Argonautes,0
399,48.08721,-1.675075,Henri Fréville,0
400,48.086865,-1.683079,Norvège,0
401,48.08669,-1.688453,Coubertin,0
402,48.086857,-1.691262,Lycée Bréquigny,0
403,48.089851,-1.690987,Bréquigny Piscine,0
404,48.089768,-1.692985,Pigeon Blanc,0
405,48.089581,-1.691241,Bréquigny Piscine,0
406,48.086702,-1.691043,Lycée Bréquigny,0
407,48.086541,-1.687451,Coubertin,0
408,48.086765,-1.683887,Norvège,0
409,48.08809,-1.674269,Henri Fréville,0
410,48.091308,-1.674159,Argonautes,0
411,48.093659,-1.673762,Clemenceau,0
412,48.093478,-1.670045,Combes,0
413,48.091328,-1.663129,Binquenais Collège,0
414,48.091295,-1.666295,Binquenais,0
415,48.086117,-1.661119,Triangle,0
416,48.085058,-1.65386,Hôpital Sud,0
417,48.087513,-1.653273,Le Blosne,0
418,48.087383,-1.645367,La Poterie,0
419,48.099276,-1.652485,Le Dantec,0
420,48.100631,-1.650392,Villebois-Mareuil,0
421,48.103763,-1.649492,Cimetière de l'Est,0
422,48.107199,-1.650946,Chardonnet,1
423,48.110761,-1.655608,Pont de Strasbourg,1
424,48.113474,-1.656747,Durafour Strasbourg,1
425,48.103839,-1.67286,Gares,1
426,48.131978,-1.634928,ZA Saint-Sulpice,0
427,48.129789,-1.642252,Pâtis Tatelin,0
428,48.12955,-1.64367,Pâtis Tatelin,0
429,48.131875,-1.635896,ZA Saint-Sulpice,0
430,48.137957,-1.658769,Saint-Laurent,0
431,48.134801,-1.659901,Hôtel de Région,0
432,48.131345,-1.662406,Patton Gast,1
433,48.132299,-1.661521,Patton Gast,1
434,48.136021,-1.659114,Hôtel de Région,0
435,48.13892,-1.658273,Saint-Laurent,0
436,48.133784,-1.69386,Grand Quartier,1
437,48.127175,-1.693387,Préfecture - ESC,1
438,48.121217,-1.70297,Villejean-Université,1
439,48.126607,-1.693012,Préfecture - ESC,1
440,48.120973,-1.70298,Villejean-Université,1
441,48.116622,-1.723945,Petit Champeaux,0
442,48.1163,-1.716029,Colin,0
443,48.113203,-1.704506,Agrocampus,1
444,48.109403,-1.679768,République,1
445,48.113945,-1.705436,Agrocampus,1
446,48.116133,-1.715924,Colin,0
447,48.116353,-1.723158,Petit Champeaux,0
448,48.106766,-1.730277,Berthault,0
449,48.109406,-1.6751,Lycée Zola,1
450,48.106693,-1.729127,Berthault,0
451,48.087822,-1.674555,Henri Fréville,0
452,48.087784,-1.674415,Henri Fréville,0
453,48.087572,-1.643466,La Poterie,0
454,48.115378,-1.648495,Bois Perrin,1
455,48.113326,-1.647648,Moulin de Joué,1
456,48.113631,-1.647569,Moulin de Joué,1
457,48.115973,-1.648367,Bois Perrin,1
458,48.118565,-1.713574,Berry,0
459,48.120593,-1.710572,Bourbonnais,0
460,48.121064,-1.702976,Villejean-Université,1
461,48.120473,-1.709574,Bourbonnais,0
462,48.118462,-1.713825,Berry,0
463,48.113884,-1.642719,Piletière,0
464,48.114277,-1.649131,Moulin de Joué,1
465,48.114621,-1.651278,Hôpital Régnier,1
466,48.114801,-1.65322,Hôpital Régnier,1
467,48.114569,-1.649959,Moulin de Joué,1
468,48.113992,-1.64442,Piletière,0
469,48.121156,-1.702973,Villejean-Université,1
470,48.128911,-1.642714,Pâtis Tatelin,0
471,48.087637,-1.643479,La Poterie,0
472,48.088549,-1.67439,Henri Fréville,0
473,48.12678,-1.630245,Clos Courtel,0
474,48.131596,-1.69166,Léonard,1
475,48.107253,-1.723135,Lemaistre,0
476,48.109999,-1.685158,Pont de Bretagne,1
477,48.10992,-1.68535,Pont de Bretagne,1
478,48.131341,-1.691889,Léonard,1
479,48.101549,-1.708422,Cleunay Stade,0
480,48.101614,-1.708823,Cleunay Stade,0
481,48.109699,-1.677942,République,1
483,48.110624,-1.673506,Place Pasteur,1
485,48.090732,-1.66125,Binquenais Le Moine,0
486,48.113304,-1.675306,Fossés,1
487,48.1094,-1.677626,République,1
488,48.097773,-1.656724,Bourgeois,0
489,48.095918,-1.658068,Langevin,0
490,48.109698,-1.67815,République,1
491,48.088114,-1.674405,Henri Fréville,0
492,48.125304,-1.692431,Lycée Basch,1
493,48.106213,-1.677425,Charles de Gaulle,1
495,48.098203,-1.699023,Coeur de Courrouze,0
496,48.09829,-1.699389,Coeur de Courrouze,0
497,48.118015,-1.675219,Vincennes,1
498,48.097045,-1.690278,Mermoz,0
499,48.090875,-1.661101,Binquenais Le Moine,0
500,48.105915,-1.684405,Cité Judiciaire,1
501,48.098019,-1.703694,Jules Maniez,0
502,48.097935,-1.703985,Jules Maniez,0
503,48.098899,-1.69354,Jules Verne,0
504,48.09891,-1.69368,Jules Verne,0
505,48.105833,-1.6773,Charles de Gaulle,1
506,48.11325,-1.641287,Les Préales,0
507,48.113551,-1.640947,Les Préales,0
508,48.110157,-1.656509,Pont de Strasbourg,1
509,48.115697,-1.676699,Place Hoche,1
510,48.114194,-1.636482,Tournebride,0
511,48.114025,-1.636082,Tournebride,0
512,48.105462,-1.688422,Redon,1
513,48.103539,-1.688429,Saint-Conwoïon,1
514,48.103012,-1.688808,Saint-Conwoïon,1
515,48.109803,-1.678283,République,1
516,48.103307,-1.689206,Saint-Conwoïon,1
517,48.129137,-1.630168,Longs Champs Est,0
518,48.125139,-1.65309,Joliot-Curie,1
519,48.125198,-1.652864,Joliot-Curie,1
520,48.084157,-1.679166,Alma,0
521,48.083961,-1.678307,Alma,0
522,48.13073,-1.675781,Armorique,1
523,48.130639,-1.677011,Armorique,1
524,48.104031,-1.635026,Pré Garel,0
525,48.132662,-1.636187,ZA Saint-Sulpice,0
526,48.132353,-1.636152,ZA Saint-Sulpice,0
527,48.096655,-1.636527,Haut Sancé,0
528,48.123688,-1.660475,Painlevé,1
529,48.095933,-1.637156,Haut Sancé,0
530,48.123062,-1.651491,Lycée Chateaubriand,1
531,48.122545,-1.651088,Lycée Chateaubriand,1
532,48.114823,-1.715624,Chambre Agriculture,0
533,48.110714,-1.673658,Place Pasteur,1
535,48.087443,-1.674436,Henri Fréville,0
536,48.087634,-1.646331,La Poterie,0
537,48.087524,-1.64332,La Poterie,0
538,48.087481,-1.643137,La Poterie,0
540,48.132848,-1.69573,Dulac,1
541,48.133287,-1.69535,Dulac,1
542,48.129576,-1.674167,Motte Brûlon,1
543,48.129787,-1.673922,Motte Brûlon,1
544,48.125261,-1.667791,Volney,1
545,48.125318,-1.667695,Volney,1
547,48.12689,-1.629952,Clos Courtel,0
548,48.101462,-1.676188,Gare Sud Féval,1
549,48.104211,-1.670598,Gares,1
550,48.130233,-1.627664,Cesson Hôpital Privé,0
551,48.130071,-1.628026,Cesson Hôpital Privé,0
552,48.124609,-1.594305,Grand Domaine,0
553,48.125255,-1.596592,Petits Champs,0
554,48.123121,-1.600517,Bourgchevreuil,0
555,48.123628,-1.604384,La Coulée,0
556,48.123585,-1.608134,Fontenelle,0
557,48.12279,-1.610938,Mare Pavée,0
558,48.121108,-1.60998,Maison d'Accueil,0
559,48.11839,-1.608504,Muguet,0
560,48.116419,-1.607397,Vilaine,0
561,48.114721,-1.609708,Sports et Nature,0
562,48.114253,-1.616314,Hublais,0
563,48.114224,-1.621951,Taillis,0
564,48.114121,-1.630367,Champs Péans,0
565,48.114037,-1.628008,Champs Péans,0
566,48.114105,-1.621837,Taillis,0
567,48.114168,-1.613754,Hublais,0
568,48.114642,-1.609545,Sports et Nature,0
569,48.115593,-1.606961,Vilaine,0
570,48.118449,-1.608322,Muguet,0
571,48.121255,-1.609884,Maison d'Accueil,0
572,48.122782,-1.61077,Mare Pavée,0
573,48.123456,-1.608183,Fontenelle,0
574,48.123463,-1.604091,La Coulée,0
575,48.123131,-1.600719,Bourgchevreuil,0
576,48.124795,-1.596767,Petits Champs,0
577,48.123895,-1.593417,Grand Domaine,0
578,48.106229,-1.621342,Charmilles,0
579,48.10133,-1.623467,Bas Village,0
580,48.099569,-1.621217,Forum,0
581,48.09967,-1.620857,Forum,0
582,48.101206,-1.624003,Bas Village,0
583,48.106047,-1.62563,Erbonière,0
584,48.114975,-1.590774,Haut Grippé,0
585,48.114462,-1.600472,Bordage,0
586,48.116167,-1.600377,Chalotais,0
587,48.120514,-1.599543,Cesson Collège,0
588,48.124644,-1.613102,Les Lacs,0
589,48.124354,-1.618478,Cormier,0
590,48.127362,-1.62431,Belle Fontaine,0
591,48.127387,-1.628256,Clos Courtel,0
592,48.127329,-1.62766,Clos Courtel,0
593,48.127213,-1.623967,Belle Fontaine,0
594,48.124466,-1.617618,Cormier,0
595,48.124436,-1.614097,Les Lacs,0
596,48.120244,-1.599275,Cesson Collège,0
597,48.115847,-1.600734,Chalotais,0
598,48.123129,-1.601975,Métairies Chalotais,0
599,48.119961,-1.602179,Cesson Piscine,0
600,48.118557,-1.604529,Cesson Mairie,0
601,48.113861,-1.603295,Cesson Gare,0
602,48.112638,-1.607261,Peupliers,0
603,48.109302,-1.609073,Monniais,0
604,48.10784,-1.614683,Rond Point de Bray,0
605,48.106515,-1.621243,Charmilles,0
606,48.107771,-1.614065,Rond Point de Bray,0
607,48.108743,-1.60963,Monniais,0
608,48.112543,-1.607297,Peupliers,0
609,48.113984,-1.603204,Cesson Gare,0
610,48.118312,-1.604191,Cesson Mairie,0
611,48.120381,-1.602371,Cesson Piscine,0
612,48.123149,-1.60173,Métairies Chalotais,0
613,48.145148,-1.608661,Victoire,0
614,48.140415,-1.616907,Calendrou,0
615,48.140592,-1.616329,Calendrou,0
616,48.145118,-1.608407,Victoire,0
617,48.123547,-1.611239,Mare Pavée,0
618,48.123363,-1.611301,Mare Pavée,0
619,48.134039,-1.629208,Lande Bouhard,0
620,48.134211,-1.628608,Lande Bouhard,0
621,48.12886,-1.605971,Verger,0
622,48.127399,-1.612799,Gaudais,0
623,48.126799,-1.619769,Bouriande,0
624,48.126993,-1.619975,Bouriande,0
625,48.12696,-1.614219,Gaudais,0
626,48.12903,-1.604741,Verger,0
627,48.116152,-1.582472,Champelé,0
628,48.114279,-1.600415,Bordage,0
629,48.124609,-1.590688,Stade Dézerseul,0
630,48.113572,-1.59052,Rigourdière,0
631,48.131755,-1.597946,Village Collectivités,0
632,48.106097,-1.625877,Erbonière,0
633,48.113318,-1.59004,Rigourdière,0
634,48.114919,-1.590425,Haut Grippé,0
635,48.116039,-1.582351,Champelé,0
636,48.099651,-1.603046,Ménouriais,0
637,48.137351,-1.62275,Château de Vaux,0
638,48.137379,-1.622408,Château de Vaux,0
639,48.130368,-1.631314,Longs Champs Est,0
640,48.104606,-1.63076,Buisson,0
641,48.104575,-1.630458,Buisson,0
642,48.131589,-1.624653,Chêne Germain,0
643,48.131892,-1.624417,Chêne Germain,0
644,48.134763,-1.621832,Champs Blancs,0
645,48.134856,-1.621311,Champs Blancs,0
646,48.127869,-1.629152,Clos Courtel,0
647,48.075489,-1.716264,Morinais,0
648,48.077395,-1.715725,Collège Jean Moulin,0
649,48.07942,-1.71571,Médiathèque,0
650,48.082557,-1.715255,Jean Marin,0
651,48.083243,-1.710049,Roger Dodin,0
652,48.087497,-1.706946,Gaité,0
653,48.093763,-1.700339,Lilas,0
654,48.095802,-1.694528,Commeurec,0
655,48.095716,-1.694313,Commeurec,0
656,48.09378,-1.699969,Lilas,0
657,48.087261,-1.707384,Gaité,0
658,48.084407,-1.709256,Roger Dodin,0
659,48.082491,-1.715453,Jean Marin,0
660,48.079869,-1.715526,Médiathèque,0
661,48.076909,-1.715921,Collège Jean Moulin,0
662,48.08731,-1.69473,Pressoirs,0
663,48.090645,-1.695013,25 Fusillés,0
664,48.092405,-1.69168,Saint-Yves,0
665,48.09408,-1.690642,Pilate,0
666,48.061591,-1.72464,Gautrais,0
667,48.063117,-1.720383,Rossel,0
668,48.066422,-1.720279,Pommerais,0
669,48.067334,-1.716885,Abbé Grimault,0
670,48.075073,-1.71604,Morinais,0
671,48.086811,-1.70563,Gaité,0
672,48.086645,-1.701446,Rablais Allende,0
673,48.089415,-1.697855,Croix Verte,0
674,48.089797,-1.693146,Pigeon Blanc,0
675,48.089432,-1.697947,Croix Verte,0
676,48.086456,-1.701833,Rablais Allende,0
677,48.086974,-1.706633,Gaité,0
678,48.067424,-1.717305,Abbé Grimault,0
679,48.066447,-1.720123,Pommerais,0
680,48.062757,-1.720815,Rossel,0
681,48.059996,-1.734101,Parc Expo,0
682,48.067372,-1.721674,Aire Libre Aéroport,0
683,48.065007,-1.724483,Centre Météo,0
684,48.077838,-1.712445,Haut Bois,0
685,48.080594,-1.712287,St-Jacques Mairie,0
686,48.08053,-1.71259,St-Jacques Mairie,0
687,48.065059,-1.724639,Centre Météo,0
688,48.066958,-1.722384,Aire Libre Aéroport,0
689,48.059907,-1.73445,Parc Expo,0
690,48.077633,-1.712716,Haut Bois,0
691,48.079303,-1.732963,Bellevue,0
692,48.085087,-1.727469,Le Pâtis,0
693,48.086736,-1.721996,Reuzerais,0
694,48.086662,-1.713071,Maffeys,0
695,48.086561,-1.712426,Maffeys,0
696,48.086647,-1.722185,Reuzerais,0
697,48.085145,-1.727706,Le Pâtis,0
698,48.079221,-1.733373,Bellevue,0
699,48.087049,-1.694605,Pressoirs,0
700,48.093537,-1.704339,Dominos,0
701,48.093433,-1.70457,Dominos,0
702,48.068729,-1.697896,Vallon,0
703,48.082518,-1.712313,Jean Jaurès,0
704,48.082821,-1.713051,Jean Jaurès,0
705,48.075278,-1.729484,Auriol,0
706,48.07518,-1.729388,Auriol,0
707,48.090501,-1.69494,25 Fusillés,0
708,48.069881,-1.703231,Mivoie,0
709,48.092241,-1.697691,Jean Pont,0
710,48.092069,-1.698122,Jean Pont,0
711,48.02471,-1.757238,Haut Launay,0
712,48.025619,-1.760676,Rabine,0
713,48.029342,-1.758019,Vert Buisson,0
714,48.033686,-1.765896,Cicé Blossac,0
715,48.031275,-1.759442,Gavrinis,0
716,48.041413,-1.754424,Croix Madame,0
717,48.044622,-1.746502,Schuman,0
718,48.047249,-1.741955,Coeur de Campus,0
719,48.049424,-1.740454,Etangs,0
720,48.052679,-1.73829,Lande du Pont,0
721,48.054937,-1.739708,Porte de Ker-Lann,0
722,48.052844,-1.73842,Lande du Pont,0
723,48.049376,-1.740727,Etangs,0
724,48.047427,-1.742103,Coeur de Campus,0
725,48.044534,-1.746319,Schuman,0
726,48.040345,-1.755243,Croix Madame,0
727,48.0312,-1.759598,Gavrinis,0
728,48.029465,-1.757995,Vert Buisson,0
729,48.02575,-1.76091,Rabine,0
730,48.024584,-1.757229,Haut Launay,0
731,48.034154,-1.723867,Doublé,0
732,48.005026,-1.77502,Pont-Réan,0
733,48.034888,-1.724811,Doublé,0
734,48.008586,-1.773845,Croix Vaisserelle,0
735,48.024043,-1.761602,Rabine,0
736,48.021416,-1.752313,Noë,0
737,48.019493,-1.744988,Epalet,0
738,48.023814,-1.736056,Pasteur,0
739,48.02629,-1.734494,Bobinais,0
740,48.030226,-1.734384,Champ Niguel,0
741,48.032956,-1.733031,Lavoisier,0
742,48.033269,-1.733105,Lavoisier,0
743,48.028337,-1.73564,Champ Niguel,0
744,48.025982,-1.734563,Bobinais,0
745,48.023636,-1.736267,Pasteur,0
746,48.019598,-1.744633,Epalet,0
747,48.021674,-1.752317,Noë,0
748,48.023807,-1.761964,Rabine,0
749,48.009141,-1.773283,Croix Vaisserelle,0
750,48.004724,-1.775265,Pont-Réan,0
751,48.023484,-1.743371,Bruz Centre,0
752,48.029314,-1.719086,Mare de la Salle,0
753,48.029242,-1.719642,Mare de la Salle,0
754,48.023379,-1.742999,Bruz Centre,0
755,48.035782,-1.723214,Doublé,0
756,48.029045,-1.752705,Bruz Gare,0
757,48.022989,-1.743824,Bruz Centre,0
758,48.024146,-1.752978,Châteliers,0
759,48.024186,-1.75284,Châteliers,0
760,48.035213,-1.757358,Corbières,0
761,48.03503,-1.757375,Corbières,0
762,48.177029,-1.651134,Champ Devant,0
763,48.179301,-1.651047,Omblais,0
764,48.180722,-1.651937,Brocéliande,0
765,48.183007,-1.646075,Trégor,0
766,48.181894,-1.641783,Betton Mairie,0
767,48.181123,-1.637898,Betton Centre,0
768,48.18021,-1.634936,Haye Renaud Gare,0
769,48.176154,-1.637359,Marronniers,0
770,48.172332,-1.637445,Housset,0
771,48.17135,-1.642053,Enseigne Abbaye,0
772,48.161724,-1.647868,Betton Vallée,0
773,48.162059,-1.647356,Betton Vallée,0
774,48.171155,-1.641673,Enseigne Abbaye,0
775,48.172685,-1.637284,Housset,0
776,48.176867,-1.637055,Marronniers,0
777,48.180198,-1.634708,Haye Renaud Gare,0
778,48.181747,-1.638457,Betton Centre,0
779,48.181986,-1.641399,Betton Mairie,0
780,48.183195,-1.646546,Trégor,0
781,48.180579,-1.652229,Brocéliande,0
782,48.179175,-1.65123,Omblais,0
783,48.182171,-1.616139,Petite Hublais,0
784,48.175419,-1.622928,Cour Neuve,0
785,48.170897,-1.622292,Champ Giron,0
786,48.163742,-1.625164,Tihouït,0
787,48.164087,-1.624866,Tihouït,0
788,48.17048,-1.621949,Champ Giron,0
789,48.175562,-1.622799,Cour Neuve,0
790,48.182036,-1.616164,Petite Hublais,0
791,48.175999,-1.639619,Betton Rue de Rennes,0
792,48.182984,-1.637374,Mozart,0
793,48.186271,-1.633356,J. Sébastien Bach,0
794,48.186441,-1.633092,J. Sébastien Bach,0
795,48.18312,-1.637107,Mozart,0
796,48.175974,-1.63946,Betton Rue de Rennes,0
797,48.18162,-1.639271,Betton Centre,0
798,48.18499,-1.65024,Mézières,0
799,48.184947,-1.649817,Mézières,0
800,48.183888,-1.646449,Trégor,0
801,48.183594,-1.646306,Trégor,0
802,48.19085,-1.629331,Gentilhommière,0
803,48.175446,-1.662388,Chaperonnais,0
804,48.175463,-1.662268,Chaperonnais,0
805,48.183218,-1.654765,Renaudais,0
806,48.183285,-1.65463,Renaudais,0
807,48.178784,-1.660945,Pont Brand,0
808,48.17899,-1.660557,Pont Brand,0
809,48.190991,-1.628981,Gentilhommière,0
810,48.102436,-1.832289,Noë Diolé,0
811,48.100526,-1.806596,Lycée Monod,0
812,48.098908,-1.801395,Champs Freslons,0
813,48.098973,-1.796821,L'Autre Lieu,0
814,48.101535,-1.794453,Bouleaux,0
815,48.099251,-1.791133,Genêts,0
816,48.097502,-1.781275,Barberais,0
817,48.096835,-1.77559,Les Pins,0
818,48.096139,-1.764573,Pont d'Avoine,0
819,48.10389,-1.75034,Plessix Saucourt,0
820,48.103559,-1.751287,Plessix Saucourt,0
821,48.096246,-1.764714,Pont d'Avoine,0
822,48.097012,-1.776051,Les Pins,0
823,48.09768,-1.781563,Barberais,0
824,48.099309,-1.790762,Genêts,0
825,48.101845,-1.79502,Bouleaux,0
826,48.099367,-1.796733,L'Autre Lieu,0
827,48.099326,-1.802088,Champs Freslons,0
828,48.100897,-1.806904,Lycée Monod,0
829,48.102463,-1.831087,Noë Diolé,0
830,48.090998,-1.786814,Gerhoui,0
831,48.093981,-1.773941,Mahomat,0
832,48.0941,-1.774098,Mahomat,0
833,48.091379,-1.78572,Gerhoui,0
834,48.078547,-1.771361,Haut Plessis,0
835,48.080424,-1.774424,Moigné,0
836,48.08028,-1.774466,Moigné,0
837,48.078763,-1.772125,Haut Plessis,0
838,48.102407,-1.787351,Gaston Bardet,0
839,48.102271,-1.787379,Gaston Bardet,0
840,48.096488,-1.79816,Acquêts,0
841,48.09683,-1.79811,Acquêts,0
842,48.094372,-1.795752,Egalité,0
843,48.094365,-1.795556,Egalité,0
844,48.038508,-1.602504,Croix Malinge,0
845,48.043401,-1.601647,Bel Air,0
846,48.044735,-1.603959,La Poste,0
847,48.049558,-1.606153,Croix Rouge,0
848,48.049414,-1.609809,Fosse Gauchère,0
849,48.050629,-1.614982,Solidor,0
850,48.052615,-1.613836,Haute Abbaye,0
851,48.05838,-1.616486,Bretonnière,0
852,48.064138,-1.623074,Val d'Orson,0
853,48.067768,-1.625701,Garenne,0
854,48.072416,-1.628709,Hallerais,0
855,48.072287,-1.628754,Hallerais,0
856,48.067551,-1.625667,Garenne,0
857,48.06396,-1.622917,Val d'Orson,0
858,48.058944,-1.616683,Bretonnière,0
859,48.052587,-1.614072,Haute Abbaye,0
860,48.049484,-1.611106,Fosse Gauchère,0
861,48.049113,-1.606026,Croix Rouge,0
862,48.044566,-1.603907,La Poste,0
863,48.043558,-1.601784,Bel Air,0
864,48.040905,-1.602366,Vern La Touche,0
865,48.059886,-1.613109,Champ Martin,0
866,48.031385,-1.599562,Vaugon,0
867,48.031253,-1.599505,Vaugon,0
868,48.047187,-1.602518,Vern Eglise,0
869,48.045052,-1.598931,Maillardière,0
870,48.047527,-1.598567,Moulin,0
871,48.048065,-1.598577,Moulin,0
872,48.045114,-1.59861,Maillardière,0
873,48.047102,-1.602707,Vern Eglise,0
874,48.038499,-1.602145,Croix Malinge,0
875,48.049663,-1.61536,Solidor,0
876,48.038405,-1.60232,Croix Malinge,0
877,48.059068,-1.613012,Champ Martin,0
878,48.059075,-1.700988,Janais,0
879,48.06843,-1.697574,Vallon,0
880,48.059279,-1.7013,Janais,0
881,48.02908,-1.659799,Bray,0
882,48.038455,-1.670722,Molène,0
883,48.040768,-1.671907,Potiers,0
884,48.042386,-1.665537,Centre,0
885,48.044053,-1.661183,Louis Texier,0
886,48.047169,-1.661203,Petite Saudrais,0
887,48.056658,-1.663721,Croix Fleurie,0
888,48.06368,-1.66369,Mail Lancé,0
889,48.068453,-1.665713,Petit Beaulieu,0
890,48.077187,-1.661021,Hil-Bintinais,0
891,48.078644,-1.661365,Hil-Bintinais,0
892,48.068609,-1.66607,Petit Beaulieu,0
893,48.063637,-1.663952,Mail Lancé,0
894,48.055987,-1.664262,Croix Fleurie,0
895,48.047008,-1.661005,Petite Saudrais,0
896,48.044129,-1.661407,Louis Texier,0
897,48.042439,-1.66572,Centre,0
898,48.040814,-1.672158,Potiers,0
899,48.038355,-1.670616,Molène,0
900,48.028619,-1.659907,Bray,0
901,48.03955,-1.676476,Guyomerais,0
902,48.039685,-1.676723,Guyomerais,0
903,48.038446,-1.666525,Pont,0
904,48.038628,-1.66691,Pont,0
905,48.034197,-1.663402,Côteaux,0
906,48.034436,-1.663421,Côteaux,0
907,48.055865,-1.701124,Touche Tizon,0
908,48.039253,-1.680543,Monts Gaultier,0
909,48.03936,-1.679953,Monts Gaultier,0
910,48.135818,-1.693158,Grand Quartier,0
911,48.137419,-1.68861,La Plesse,0
912,48.159112,-1.676618,Ricoquais,0
913,48.159128,-1.681343,Camus,0
914,48.159027,-1.685578,Vivier Louis,0
915,48.159802,-1.692137,Pontay,0
916,48.156845,-1.687389,Uttenreuth,0
917,48.154339,-1.686723,Discalceat,0
918,48.153808,-1.691979,Paul-Emile Victor,0
919,48.151378,-1.691295,Cité des Jardins,0
920,48.150852,-1.685834,Forge,0
921,48.147437,-1.686162,Haut Trait,0
922,48.143099,-1.686451,CHP Saint-Grégoire,0
923,48.13715,-1.686401,La Plesse,1
924,48.138233,-1.686336,La Plesse,0
925,48.142967,-1.686622,CHP Saint-Grégoire,0
926,48.146946,-1.686104,Haut Trait,0
927,48.151493,-1.685839,Forge,0
928,48.151475,-1.691318,Cité des Jardins,0
929,48.15366,-1.692124,Paul-Emile Victor,0
930,48.154762,-1.686676,Discalceat,0
931,48.158874,-1.685178,Vivier Louis,0
932,48.159086,-1.680796,Camus,0
933,48.135601,-1.692926,Grand Quartier,0
934,48.148996,-1.656601,Maison Blanche,0
935,48.149378,-1.656411,Maison Blanche,0
936,48.134376,-1.694471,Grand Quartier,1
937,48.153536,-1.678717,Holywell,0
938,48.154635,-1.678763,Holywell,0
939,48.16014,-1.677217,Jean-Paul II,0
940,48.159961,-1.677102,Jean-Paul II,0
941,48.156979,-1.687239,Uttenreuth,0
942,48.17698,-1.721962,La Brosse,0
943,48.153909,-1.6969,Alphasis,0
944,48.154392,-1.69664,Alphasis,0
945,48.158103,-1.672049,Nobel,0
946,48.15835,-1.67217,Nobel,0
947,48.155286,-1.671435,Champ Daguet,0
948,48.158993,-1.676337,Ricoquais,0
949,48.151815,-1.684518,Forge,0
950,48.151909,-1.684413,Forge,0
951,48.148089,-1.696862,Edonia,0
952,48.147918,-1.696926,Edonia,0
953,48.135809,-1.692886,Grand Quartier,0
954,48.134628,-1.693705,Grand Quartier,1
955,48.138277,-1.671885,Kerfleury,0
956,48.15137,-1.69711,Kerguelen,0
957,48.151199,-1.697275,Kerguelen,0
958,48.138445,-1.672022,Kerfleury,0
959,48.148705,-1.697351,Edonia,0
960,48.046733,-1.710633,Croix aux Potiers,0
961,48.047893,-1.713543,Croix aux Potiers,0
962,48.033355,-1.71163,Chaussairie,0
963,48.037002,-1.712353,Taillebois,0
964,48.042325,-1.712032,Callouët,0
965,48.045906,-1.710086,Croix aux Potiers,0
966,48.045659,-1.710498,Croix aux Potiers,0
967,48.041413,-1.712515,Callouët,0
968,48.036817,-1.712545,Taillebois,0
969,48.033268,-1.707228,Parc de Loisirs,0
970,48.035455,-1.70627,Argoat,0
971,48.034611,-1.69941,Cornouaille,0
972,48.036918,-1.697008,Vieux Bourg,0
973,48.041376,-1.698416,Collège Pôle Sud,0
974,48.04169,-1.702632,Auditoire,0
975,48.042349,-1.706501,Chartres Centre,0
976,48.041976,-1.711045,Callouët,0
977,48.042323,-1.707466,Chartres Centre,0
978,48.041536,-1.702871,Auditoire,0
979,48.041222,-1.69777,Collège Pôle Sud,0
980,48.037057,-1.697209,Vieux Bourg,0
981,48.034735,-1.699894,Cornouaille,0
982,48.035534,-1.706095,Argoat,0
983,48.033519,-1.711906,Chaussairie,0
984,48.041691,-1.696068,Collège Pôle Sud,0
985,48.033169,-1.707484,Parc de Loisirs,0
986,48.031429,-1.708755,Constant Mérel,0
987,48.031247,-1.709248,Constant Mérel,0
988,48.085047,-1.610381,Gériatrie,0
989,48.085765,-1.614047,Deux Ruisseaux,0
990,48.089159,-1.612603,Bourgogne,0
991,48.08848,-1.6192,Chantepie Mairie,0
992,48.090504,-1.623943,Loges,0
993,48.09031,-1.62417,Loges,0
994,48.088351,-1.619091,Chantepie Mairie,0
995,48.090381,-1.615346,Hallouvry,0
996,48.089016,-1.612677,Bourgogne,0
997,48.085813,-1.614717,Deux Ruisseaux,0
998,48.098087,-1.622908,Breillou,0
999,48.098321,-1.622836,Breillou,0
1000,48.093514,-1.607562,Cucé,0
1001,48.092504,-1.61292,EDEFS,0
1002,48.085481,-1.627229,Rocade Sud,0
1003,48.080508,-1.630849,Val Blanc,0
1004,48.080652,-1.630601,Val Blanc,0
1005,48.0846,-1.627505,Rocade Sud,0
1006,48.091041,-1.615283,Hallouvry,0
1007,48.092596,-1.612945,EDEFS,0
1008,48.07696,-1.631808,Martinière,0
1009,48.076742,-1.631836,Martinière,0
1010,48.085803,-1.608136,Touche Annette,0
1011,48.085464,-1.604031,Rosa Parks,0
1012,48.085706,-1.607473,Touche Annette,0
1013,48.085229,-1.610747,Gériatrie,0
1014,48.098224,-1.621153,Breillou,0
1015,48.098553,-1.621354,Breillou,0
1016,48.090498,-1.61905,Landes,0
1017,48.090683,-1.618807,Landes,0
1018,48.087586,-1.616704,Chantepie Eglise,0
1019,48.087497,-1.616789,Chantepie Eglise,0
1020,48.151278,-1.792357,Pie Neuve,0
1021,48.149232,-1.788989,Docteur Léon,0
1022,48.148463,-1.784791,Touche Milon,0
1023,48.14765,-1.780916,Pinault,0
1024,48.151185,-1.77754,Renan,0
1025,48.151022,-1.772024,Duchesse Anne,0
1026,48.148142,-1.769909,Pacé Cimetière,0
1027,48.145758,-1.770753,Carré Dumaine,0
1028,48.142756,-1.770101,Le Ponant,0
1029,48.141059,-1.767294,Opéra,0
1030,48.143401,-1.770386,Le Ponant,0
1031,48.146022,-1.770492,Carré Dumaine,0
1032,48.148099,-1.769731,Pacé Cimetière,0
1033,48.150865,-1.772035,Duchesse Anne,0
1034,48.151275,-1.777656,Renan,0
1035,48.147515,-1.781103,Pinault,0
1036,48.1486,-1.785006,Touche Milon,0
1037,48.149381,-1.789012,Docteur Léon,0
1038,48.151381,-1.792259,Pie Neuve,0
1039,48.174088,-1.789401,Chapitre,0
1040,48.175366,-1.789981,Chapitre,0
1041,48.16049,-1.768011,Pâtis Roussel,0
1042,48.15725,-1.765795,Ouessant,0
1043,48.155532,-1.764696,Champalaune,0
1044,48.154019,-1.771157,Pacé Collèges,0
1045,48.150694,-1.770839,Le Brix,0
1046,48.151605,-1.770461,Le Brix,0
1047,48.154401,-1.770358,Pacé Collèges,0
1048,48.155458,-1.764526,Champalaune,0
1049,48.157383,-1.765666,Ouessant,0
1050,48.141622,-1.770457,Nominoë,0
1051,48.141755,-1.771001,Nominoë,0
1052,48.15469,-1.784414,Pont Amelin,0
1053,48.140206,-1.763554,Rive Ouest,0
1054,48.140153,-1.763318,Rive Ouest,0
1055,48.154821,-1.784386,Pont Amelin,0
1056,48.167342,-1.787109,Haute Rabine,0
1057,48.169948,-1.787892,Haute Rabine,0
1058,48.141054,-1.766273,Opéra,0
1059,48.179959,-1.801675,Touche Champagne,0
1060,48.18012,-1.801817,Touche Champagne,0
1061,47.96981,-1.646041,Fort Joual,0
1062,47.975399,-1.651256,Frogerais,0
1063,47.976283,-1.657445,Petite Rochelle,0
1064,47.983239,-1.660165,Télégraphe,0
1065,47.976081,-1.657175,Petite Rochelle,0
1066,47.975387,-1.652392,Frogerais,0
1067,47.969624,-1.645797,Fort Joual,0
1068,47.993928,-1.665547,Chateaubriand,0
1069,47.992563,-1.668787,Surcouf,0
1070,47.995,-1.670694,Coteau,0
1071,47.997273,-1.668431,Groupe Scolaire,0
1072,48.000737,-1.666758,Levant,0
1073,48.009507,-1.66592,Plardière,0
1074,48.009532,-1.666195,Plardière,0
1075,48.000471,-1.667155,Levant,0
1076,47.996919,-1.669051,Groupe Scolaire,0
1077,47.994968,-1.670982,Coteau,0
1078,47.992216,-1.6679,Surcouf,0
1079,47.993743,-1.665206,Chateaubriand,0
1080,48.014928,-1.663969,Orgerblon,0
1081,48.014928,-1.663838,Orgerblon,0
1082,48.155188,-1.573107,Landelles,0
1083,48.153039,-1.579445,Thorigné Mairie,0
1084,48.155658,-1.580848,Anne de Bretagne,0
1085,48.158973,-1.579631,Bocage,0
1086,48.164176,-1.579265,Juteauderies,0
1087,48.160412,-1.586021,Fouillard,0
1088,48.174332,-1.602138,Placis Vert,0
1089,48.156271,-1.592376,Portail,0
1090,48.156448,-1.591842,Portail,0
1091,48.160618,-1.585461,Fouillard,0
1092,48.162934,-1.579182,Juteauderies,0
1093,48.159169,-1.579798,Bocage,0
1094,48.156034,-1.580608,Anne de Bretagne,0
1095,48.153606,-1.579768,Thorigné Mairie,0
1096,48.13216,-1.596367,Village Collectivités,0
1097,48.141094,-1.573652,Pâtis du Moulinet,0
1098,48.140911,-1.573502,Pâtis du Moulinet,0
1099,48.160454,-1.587059,Fouillard,0
1100,48.149328,-1.577527,Curien,0
1101,48.149262,-1.577059,Curien,0
1102,48.041337,-1.553405,Parc des Sports,0
1103,48.040076,-1.550197,Langlois,0
1104,48.040203,-1.542002,Chêne Centenaire,0
1105,48.041308,-1.544619,Menault,0
1106,48.04458,-1.561621,Eclosel,0
1107,48.044378,-1.56147,Eclosel,0
1108,48.042359,-1.549754,Grée Barel,0
1109,48.040431,-1.541908,Chêne Centenaire,0
1110,48.041368,-1.545167,Menault,0
1111,48.040949,-1.549602,Langlois,0
1112,48.031367,-1.558356,Crotigné,0
1113,48.02933,-1.564303,La Croix de l'Epine,0
1114,48.024066,-1.573263,La Drouais,0
1115,48.013162,-1.570605,La Jaunais,0
1116,48.012582,-1.557306,La Jaille,0
1117,48.011936,-1.5459,Le Petit Beauvais,0
1118,48.015078,-1.539572,Epron,0
1119,48.021833,-1.54725,Le Tertronais,0
1120,48.028985,-1.5514,L'Ourmais,0
1121,48.163969,-1.731752,Silandière,0
1122,48.157221,-1.723306,Fougerolle,0
1123,48.155655,-1.720614,Pierre Texier,0
1124,48.15574,-1.71654,Montgermont Mairie,0
1125,48.157226,-1.714447,Courtines,0
1126,48.155304,-1.710895,Belle Epine,0
1127,48.152987,-1.706581,Décoparc,0
1128,48.148918,-1.704108,Vizeule,0
1129,48.148382,-1.703613,Vizeule,0
1130,48.153005,-1.708878,Métrie,0
1131,48.155558,-1.710743,Belle Epine,0
1132,48.157373,-1.714588,Courtines,0
1133,48.155644,-1.716708,Montgermont Mairie,0
1134,48.155723,-1.720748,Pierre Texier,0
1135,48.157089,-1.723308,Fougerolle,0
1136,48.162759,-1.730576,Silandière,0
1137,48.154387,-1.707216,Décoparc,0
1138,48.192003,-1.831209,Parthenay Mairie,0
1139,48.191638,-1.827121,Clos des Tilleuls,0
1140,48.191281,-1.824629,La Noë,0
1141,48.189982,-1.820845,Placis de la Touche,0
1142,48.186405,-1.816641,Le Reuvre,0
1143,48.186413,-1.816451,Le Reuvre,0
1144,48.189949,-1.820176,Placis de la Touche,0
1145,48.191297,-1.8243,La Noë,0
1146,48.191822,-1.82784,Clos des Tilleuls,0
1147,48.192104,-1.831432,Parthenay Mairie,0
1148,48.193762,-1.832214,Parthenay Fontaine,0
1149,48.15298,-1.829806,Saint-Gilles Centre,0
1150,48.150683,-1.825279,Pont aux Moines,0
1151,48.152801,-1.820678,Vigne,0
1152,48.152952,-1.809229,Fouaye,0
1153,48.153626,-1.810538,Fouaye,0
1154,48.154152,-1.819988,Vigne,0
1155,48.150714,-1.824791,Pont aux Moines,0
1156,48.152522,-1.829773,Saint-Gilles Centre,0
1157,48.153745,-1.834034,Clos des Cerisiers,0
1158,48.153985,-1.8376,Maison Neuve,0
1159,48.15406,-1.837815,Maison Neuve,0
1160,48.153843,-1.834042,Clos des Cerisiers,0
1161,48.14933,-1.839024,Ile des Bois,0
1162,48.107431,-1.739281,ZI Ouest,0
1163,48.104704,-1.739009,Trois Marches,0
1164,48.10575,-1.740014,Trois Marches,0
1165,48.12091,-1.772466,Haie de Terre,0
1166,48.120211,-1.765417,Vallée,0
1167,48.119004,-1.760926,Lion d'Or,0
1168,48.11887,-1.756833,Vezin Centre,0
1169,48.118334,-1.742441,Tertre,0
1170,48.117611,-1.731377,Champ Noël,0
1171,48.117765,-1.731221,Champ Noël,0
1172,48.118418,-1.741401,Tertre,0
1173,48.11923,-1.755499,Vezin Centre,0
1174,48.119239,-1.761273,Lion d'Or,0
1175,48.120402,-1.765585,Vallée,0
1176,48.121023,-1.771757,Haie de Terre,0
1177,48.104998,-1.740624,Trois Marches,0
1178,48.104219,-1.735894,Marais,0
1179,48.104169,-1.736036,Marais,0
1180,48.119011,-1.749601,Champs Bleus,0
1181,48.11916,-1.749864,Champs Bleus,0
1182,48.107281,-1.738871,ZI Ouest,0
1183,47.990142,-1.613855,Centre de Loisirs,0
1184,47.994926,-1.614233,Bourgbarré Mairie,0
1185,47.996045,-1.617451,La Motte,0
1186,47.995183,-1.624234,La Basse Erable,0
1187,47.994576,-1.631502,Perelle,0
1188,47.994399,-1.631365,Perelle,0
1189,47.995094,-1.623735,La Basse Erable,0
1190,47.995943,-1.617465,La Motte,0
1191,47.994727,-1.614138,Bourgbarré Mairie,0
1192,47.960038,-1.632394,Moc Souris,0
1193,47.959332,-1.637267,Sept Fours,0
1194,47.959614,-1.636978,Sept Fours,0
1195,48.000758,-1.594361,Launay Garnier,0
1196,48.000912,-1.594744,Launay Garnier,0
1197,48.074582,-1.853723,Mordelles Pâtis,0
1198,48.071956,-1.849829,Mordelles Eglise,0
1199,48.073718,-1.846282,Mordelles Mairie,0
1200,48.075808,-1.842153,Mordelles Lilas,0
1201,48.077668,-1.837422,Gretay,0
1202,48.081318,-1.826616,Croix Ignon,0
1203,48.083954,-1.813568,Grande Fontaine,0
1204,48.08823,-1.798671,Vivier des Bois,0
1205,48.088106,-1.799966,Vivier des Bois,0
1206,48.083671,-1.81582,Grande Fontaine,0
1207,48.081392,-1.827027,Croix Ignon,0
1208,48.077836,-1.837377,Gretay,0
1209,48.075604,-1.842827,Mordelles Lilas,0
1210,48.073558,-1.846884,Mordelles Mairie,0
1211,48.071883,-1.85024,Mordelles Eglise,0
1212,48.073924,-1.85372,Mordelles Pâtis,0
1213,47.999909,-1.696968,Bois Esnault,0
1214,48.006505,-1.69847,Caliorne,0
1215,48.010649,-1.700885,Mouton Blanc,0
1216,48.012935,-1.702976,Chemin Vert,0
1217,48.010604,-1.707005,Pont-Péan Mairie,0
1218,48.013631,-1.707588,Rivaudière,0
1219,48.016278,-1.705639,Fontaine Blanche,0
1220,48.019925,-1.706935,Renaissance,0
1221,48.01986,-1.707123,Renaissance,0
1222,48.016959,-1.705245,Fontaine Blanche,0
1223,48.01369,-1.707704,Rivaudière,0
1224,48.010772,-1.706394,Pont-Péan Mairie,0
1225,48.013,-1.703093,Chemin Vert,0
1226,48.010354,-1.701141,Mouton Blanc,0
1227,48.006145,-1.698543,Caliorne,0
1228,48.000008,-1.696769,Bois Esnault,0
1229,48.225212,-1.570409,Cropy,0
1230,48.223261,-1.576352,Chesnais,0
1231,48.217907,-1.581457,Bourg,0
1232,48.21475,-1.586501,Terrain des Sports,0
1233,48.211688,-1.590809,Tronchay,0
1234,48.199844,-1.597564,Oliverie,0
1235,48.197535,-1.599247,Oliverie,0
1236,48.203176,-1.595,Lande Saint-Denis,0
1237,48.211771,-1.590509,Tronchay,0
1238,48.214637,-1.586893,Terrain des Sports,0
1239,48.217752,-1.581363,Bourg,0
1240,48.223126,-1.576679,Chesnais,0
1241,48.203759,-1.594768,Lande Saint-Denis,0
1242,48.137043,-1.526335,Timonière,0
1243,48.136905,-1.533137,Verdaudais,0
1244,48.134242,-1.534801,Acigné Mairie,0
1245,48.133958,-1.537791,Foyer,0
1246,48.137273,-1.549814,Pont d'Ohin,0
1247,48.139094,-1.558744,Boulais,0
1248,48.139504,-1.561471,Boulais,0
1249,48.136816,-1.548448,Pont d'Ohin,0
1250,48.134632,-1.542142,Lande,0
1251,48.13387,-1.537546,Foyer,0
1252,48.134151,-1.534705,Acigné Mairie,0
1253,48.137246,-1.532829,Verdaudais,0
1254,48.134021,-1.540447,Lande,0
1255,48.14065,-1.527479,Botrel,0
1256,48.140166,-1.527351,Botrel,0
1257,48.17951,-1.729201,Métairie,0
1258,48.177108,-1.732207,Mairie,0
1259,48.174111,-1.735204,Viennais,0
1260,48.17016,-1.736188,Sénestrais,0
1261,48.170401,-1.736205,Sénestrais,0
1262,48.173991,-1.735178,Viennais,0
1263,48.17669,-1.732757,Mairie,0
1264,48.179271,-1.729299,Métairie,0
1265,48.176749,-1.722096,La Brosse,0
1266,48.168594,-1.742983,Quatre Vents,0
1267,48.168976,-1.74251,Quatre Vents,0
1268,48.183129,-1.726001,Besneraie,0
1270,47.985025,-1.576372,Corps-Nuds Gare,0
1271,47.982393,-1.580817,Huberdières,0
1272,47.977794,-1.585033,Place de Kildare,0
1273,47.979393,-1.587834,Corps-Nuds Mairie,0
1274,47.982053,-1.588248,Chêne Hervé,0
1275,47.981897,-1.588461,Chêne Hervé,0
1276,47.97901,-1.587893,Corps-Nuds Mairie,0
1277,47.977719,-1.585507,Place de Kildare,0
1278,47.982567,-1.580278,Huberdières,0
1279,47.985302,-1.576027,Corps-Nuds Gare,0
1280,48.109864,-1.481103,Anjou,0
1281,48.108998,-1.47848,Mainguère,0
1282,48.107127,-1.479136,Saules,0
1283,48.107516,-1.482935,Provence,0
1284,48.107643,-1.486165,Destiers,0
1285,48.109445,-1.503174,Pâtis,0
1286,48.109265,-1.503198,Pâtis,0
1287,48.107535,-1.486118,Destiers,0
1288,48.107463,-1.482571,Provence,0
1289,48.107291,-1.478381,Saules,0
1290,48.109064,-1.478264,Mainguère,0
1291,48.108409,-1.507807,Turbanière,0
1292,48.108239,-1.507377,Turbanière,0
1293,48.051925,-1.797682,Croix Blanche,0
1294,48.051992,-1.79066,Calvaire,0
1295,48.05512,-1.790086,Alfred de Musset,0
1296,48.053984,-1.783762,Avenir,0
1297,48.0582,-1.776254,Grippay,0
1298,48.063257,-1.772312,Mare Doux,0
1299,48.063429,-1.772449,Mare Doux,0
1300,48.057762,-1.77645,Grippay,0
1301,48.054115,-1.783746,Avenir,0
1302,48.054885,-1.790003,Alfred de Musset,0
1303,48.052438,-1.790592,Calvaire,0
1304,48.123011,-1.860726,Rochers,0
1305,48.121939,-1.846158,Piardière,0
1306,48.121285,-1.837645,Grippière,0
1307,48.12143,-1.83765,Grippière,0
1308,48.122037,-1.846175,Piardière,0
1309,48.123122,-1.860835,Rochers,0
1310,48.123069,-1.865899,Place de la Mairie,0
1311,48.122595,-1.868366,Ville aux Archers,0
1312,48.123099,-1.866053,Place de la Mairie,0
1314,48.122924,-1.821633,Hautière,0
1315,48.118827,-1.822672,ESAT La Hautière,0
1316,48.123875,-1.817721,L'Hermitage Gare,0
1317,48.125578,-1.815962,L'Hermitage Centre,0
1318,48.124609,-1.811557,Village,0
1319,48.123163,-1.806172,Clairefontaine,0
1320,48.123516,-1.807448,Clairefontaine,0
1321,48.125058,-1.813014,Village,0
1322,48.12375,-1.817992,L'Hermitage Gare,0
1323,48.12295,-1.82085,Hautière,0
1324,48.122997,-1.802546,Noë Biche,0
1325,48.122778,-1.801123,Noë Biche,0
1326,48.125447,-1.815491,L'Hermitage Centre,0
1327,48.01727,-1.660332,Parc d'Activités,0
1328,48.01881,-1.657566,Champ Mulon,0
1329,48.017654,-1.654585,Paul Féval,0
1330,48.017653,-1.654401,Paul Féval,0
1331,48.01883,-1.657816,Champ Mulon,0
1332,48.017076,-1.664587,Croix du Pigeonnet,0
1333,48.017063,-1.664746,Croix du Pigeonnet,0
1334,48.017732,-1.649365,Croix Faucheux,0
1335,48.021537,-1.653502,Leuzières,0
1336,48.021547,-1.653716,Leuzières,0
1337,48.017691,-1.649474,Croix Faucheux,0
1338,48.016196,-1.651517,Alexandre Gilois,0
1339,48.016323,-1.651341,Alexandre Gilois,0
1340,48.070078,-1.932395,Le Verger Eglise,0
1341,48.070241,-1.928997,Bouvrais,0
1342,48.070056,-1.930273,Bouvrais,0
1343,48.070227,-1.932356,Le Verger Eglise,0
1344,48.181419,-1.853554,Croix Simon,0
1345,48.176019,-1.85261,Clayes Centre,0
1346,48.176249,-1.852479,Clayes Centre,0
1347,48.182349,-1.853067,Croix Simon,0
1348,48.178132,-1.85278,La Cour aux Pages,0
1349,48.178058,-1.852853,La Cour aux Pages,0
1350,48.220986,-1.788723,Gévezé Mairie,0
1351,48.218704,-1.784055,Flume,0
1352,48.21819,-1.78315,Flume,0
1353,48.221027,-1.7882,Gévezé Mairie,0
1354,48.221783,-1.802327,Cheval Blanc,0
1355,48.224482,-1.800785,Coualeuc,0
1356,48.224645,-1.800449,Coualeuc,0
1357,48.223615,-1.79363,Prés Verts,0
1358,48.223978,-1.793771,Prés Verts,0
1359,48.013468,-1.590988,Saint-Armel Eglise,0
1360,48.013906,-1.594286,Saint-Armel Gare,0
1361,48.01463,-1.598304,Lande du Jardin,0
1362,48.014788,-1.598383,Lande du Jardin,0
1363,48.014056,-1.594394,Saint-Armel Gare,0
1364,48.211782,-1.630337,Chevaigné Mairie,0
1365,48.214316,-1.628818,Fonderies,0
1366,48.210932,-1.626041,Pommiers,0
1367,48.209944,-1.625841,Pommiers,0
1368,48.214395,-1.628958,Fonderies,0
1369,48.211961,-1.630307,Chevaigné Mairie,0
1370,48.207641,-1.630846,Chevaigné Gare,0
1371,48.207963,-1.630549,Chevaigné Gare,0
1372,48.199145,-1.627451,Chopinais,0
1373,48.199223,-1.627788,Chopinais,0
1374,48.105043,-1.872646,Chêne Vert,0
1375,48.103336,-1.869545,Saint-Melaine,0
1376,48.103469,-1.869393,Saint-Melaine,0
1377,47.978438,-1.713688,Point du Jour,0
1378,47.978606,-1.712988,Point du Jour,0
1379,47.975433,-1.717111,Orée du Bois,0
1380,47.975507,-1.717175,Orée du Bois,0
1381,47.978117,-1.72041,Laillé Eglise,0
1382,47.977983,-1.719683,Laillé Eglise,0
1383,47.97919,-1.724314,Châtaigneraie,0
1384,47.979287,-1.724331,Châtaigneraie,0
1385,47.980092,-1.730909,Gingouillère,0
1395,48.121295,-1.710943,J.F. Kennedy,0
1396,48.121197,-1.703882,Villejean-Université,1
1397,48.121535,-1.69335,Pontchaillou,1
1398,48.11805,-1.687529,Anatole France,1
1399,48.114455,-1.680484,Sainte-Anne,1
1400,48.109667,-1.679224,République,1
1401,48.105473,-1.677107,Charles de Gaulle,1
1402,48.103779,-1.672252,Gares,1
1403,48.097566,-1.675508,Jacques Cartier,1
1404,48.093565,-1.674477,Clemenceau,0
1405,48.087577,-1.674859,Henri Fréville,0
1406,48.086524,-1.667646,Italie,0
1407,48.086405,-1.660521,Triangle,0
1408,48.087702,-1.654294,Le Blosne,0
1409,48.08745,-1.644513,La Poterie,0
1410,48.121283,-1.703879,Villejean-Université,1
1411,48.121578,-1.693461,Pontchaillou,1
1412,48.118119,-1.687454,Anatole France,1
1413,48.114501,-1.680398,Sainte-Anne,1
1414,48.109712,-1.679138,République,1
1415,48.105541,-1.677023,Charles de Gaulle,1
1416,48.103875,-1.672183,Gares,1
1417,48.097605,-1.675419,Jacques Cartier,1
1418,48.093653,-1.674394,Clemenceau,0
1419,48.087673,-1.674777,Henri Fréville,0
1420,48.086598,-1.667741,Italie,0
1421,48.086477,-1.660654,Triangle,0
1422,48.087765,-1.654439,Le Blosne,0
1423,48.087531,-1.644633,La Poterie,0
1429,48.212494,-1.890895,Mettrie Templiers,0
1430,48.212334,-1.890901,Mettrie Templiers,0
